Country,Year,Life expectancy
Azerbaijan,2015,73.5923363095238
Azerbaijan,2014,74.51421130952382
Azerbaijan,2013,73.8618675595238
Azerbaijan,2012,73.26676339285714
Azerbaijan,2011,73.3467673992674
Azerbaijan,2010,72.89901785714287
Belgium,2015,83.77687499999999
Belgium,2014,82.12395833333332
Belgium,2013,83.05604166666667
Belgium,2012,83.2675
Belgium,2011,81.75364583333334
Belgium,2010,81.4675
Belize,2015,72.60021306818182
Belize,2014,72.81880681818183
Belize,2013,74.6853125
Belize,2012,71.82090893817204
Belize,2011,71.69635416666667
Belize,2010,73.19999999999999
Bhutan,2015,66.36458333333333
Bhutan,2014,66.16979166666667
Bhutan,2013,66.45333333333332
Bhutan,2012,66.25958333333332
Bhutan,2011,68.171875
Bhutan,2010,67.64427083333334
Bolivia (Plurinational State of),2015,72.16226783968719
Bolivia (Plurinational State of),2014,68.84214015151514
Bolivia (Plurinational State of),2013,69.01643450635386
Bolivia (Plurinational State of),2012,68.71822916666666
Bolivia (Plurinational State of),2011,68.71822916666666
Bolivia (Plurinational State of),2010,69.00548245614036
Bulgaria,2015,74.58311909893268
Bulgaria,2014,73.846296182266
Bulgaria,2013,76.65899305555556
Bulgaria,2012,73.883796182266
Bulgaria,2011,73.74980282738096
Bulgaria,2010,74.46501116071428
Canada,2015,77.8565625
Canada,2014,77.17427083333334
Canada,2013,78.52083333333333
Canada,2012,79.35770833333333
Canada,2011,76.77791666666667
Canada,2010,77.19558712121211
Colombia,2015,73.72577011455049
Colombia,2014,74.73667782738096
Colombia,2013,73.20476817042606
Colombia,2012,74.44092261904763
Colombia,2011,72.85383928571429
Colombia,2010,72.80025924185465
Czechia,2015,81.61833333333334
Czechia,2014,80.89645833333334
Czechia,2013,80.0834375
Czechia,2012,80.16364583333333
Czechia,2011,80.12458333333333
Czechia,2010,79.40104166666667
Democratic Republic of the Congo,2015,59.05
Democratic Republic of the Congo,2014,58.878125
Democratic Republic of the Congo,2013,58.514583333333334
Democratic Republic of the Congo,2012,56.91770833333334
Democratic Republic of the Congo,2011,57.06979166666667
Democratic Republic of the Congo,2010,55.796875
El Salvador,2015,72.14791666666667
El Salvador,2014,72.61822916666667
El Salvador,2013,71.74166666666667
El Salvador,2012,71.72822916666667
El Salvador,2011,70.73986742424242
El Salvador,2010,71.1484090909091
Ethiopia,2015,64.19166666666666
Ethiopia,2014,63.04114583333333
Ethiopia,2013,60.01145833333334
Ethiopia,2012,59.81979166666667
Ethiopia,2011,58.92916666666666
Ethiopia,2010,58.58125
Fiji,2015,68.1149193548387
Fiji,2014,72.81902462121212
Fiji,2013,69.40919018817203
Fiji,2012,68.96302083333333
Fiji,2011,68.63385416666667
Fiji,2010,72.76232638888888
Gambia,2015,64.43958333333333
Gambia,2014,62.14270833333333
Gambia,2013,64.23541666666667
Gambia,2012,65.046875
Gambia,2011,63.133854166666666
Gambia,2010,62.78489583333334
Guatemala,2015,72.296875
Guatemala,2014,71.39114583333333
Guatemala,2013,71.02291666666667
Guatemala,2012,70.9953125
Guatemala,2011,71.65520833333333
Guatemala,2010,70.41614583333333
Guinea-Bissau,2015,63.41979166666667
Guinea-Bissau,2014,63.532291666666666
Guinea-Bissau,2013,63.56041666666667
Guinea-Bissau,2012,62.30416666666667
Guinea-Bissau,2011,62.603125000000006
Guinea-Bissau,2010,61.52395833333333
Guyana,2015,69.25208333333333
Guyana,2014,67.925
Guyana,2013,69.63177083333333
Guyana,2012,71.96046401515153
Guyana,2011,69.3140625
Guyana,2010,68.89403409090909
Indonesia,2015,68.790625
Indonesia,2014,69.47083333333333
Indonesia,2013,67.78437500000001
Indonesia,2012,68.70052083333334
Indonesia,2011,68.42083333333332
Indonesia,2010,67.59635416666666
Japan,2015,81.31666666666666
Japan,2014,82.62083333333334
Japan,2013,82.15
Japan,2012,82.13958333333335
Japan,2011,82.80833333333334
Japan,2010,82.01145833333334
Madagascar,2015,68.64895833333334
Madagascar,2014,67.12552083333333
Madagascar,2013,69.009375
Madagascar,2012,64.10520833333334
Madagascar,2011,64.16770833333334
Madagascar,2010,63.10416666666667
Malawi,2015,55.22510416666667
Malawi,2014,56.41677083333333
Malawi,2013,52.723958333333336
Malawi,2012,58.208333333333336
Malawi,2011,51.940625
Malawi,2010,52.26145833333334
Myanmar,2015,66.99010416666667
Myanmar,2014,67.703125
Myanmar,2013,67.49479166666667
Myanmar,2012,67.31770833333333
Myanmar,2011,66.928125
Myanmar,2010,67.19739583333333
Nepal,2015,69.71613095238095
Nepal,2014,71.89304435483871
Nepal,2013,69.66613095238097
Nepal,2012,70.73854166666666
Nepal,2011,70.25208333333333
Nepal,2010,68.18229166666667
Niger,2015,68.43708333333333
Niger,2014,66.284375
Niger,2013,63.93958333333333
Niger,2012,64.21875
Niger,2011,62.947916666666664
Niger,2010,60.458333333333336
Norway,2015,83.62395833333333
Norway,2014,83.45416666666665
Norway,2013,83.44583333333334
Norway,2012,83.32604166666667
Norway,2011,84.05982142857144
Norway,2010,82.28482142857142
Paraguay,2015,73.43323908730159
Paraguay,2014,74.2775359623016
Paraguay,2013,74.39002017947331
Paraguay,2012,74.00264418740981
Paraguay,2011,74.38192234848485
Paraguay,2010,73.392807877886
Peru,2015,74.92589912280701
Peru,2014,74.76642361111111
Peru,2013,75.02875
Peru,2012,74.37896607201043
Peru,2011,74.48373917748918
Peru,2010,72.7016630116959
Slovakia,2015,79.12041666666666
Slovakia,2014,76.26354166666667
Slovakia,2013,76.34583333333333
Slovakia,2012,76.30416666666667
Slovakia,2011,75.98541666666667
Slovakia,2010,75.97916666666667
Slovenia,2015,83.58708333333334
Slovenia,2014,82.02458333333334
Slovenia,2013,81.38239583333333
Slovenia,2012,81.42822916666667
Slovenia,2011,82.035
Slovenia,2010,80.825
Solomon Islands,2015,69.19092261904763
Solomon Islands,2014,68.90238095238095
Solomon Islands,2013,69.08991935483871
Solomon Islands,2012,69.46696428571428
Solomon Islands,2011,69.97321428571429
Solomon Islands,2010,67.95863095238096
South Sudan,2015,56.496875
South Sudan,2014,56.30520833333333
South Sudan,2013,55.559374999999996
South Sudan,2012,55.540625
South Sudan,2011,54.87291666666667
South Sudan,2010,54.577083333333334
Swaziland,2015,57.440625000000004
Swaziland,2014,56.740625
Swaziland,2013,57.028125
Swaziland,2012,56.135416666666664
Swaziland,2011,55.83645833333334
Swaziland,2010,53.62083333333334
The former Yugoslav republic of Macedonia,2015,75.08471004689756
The former Yugoslav republic of Macedonia,2014,75.03952380952381
The former Yugoslav republic of Macedonia,2013,74.70439484126985
The former Yugoslav republic of Macedonia,2012,74.55005456349207
The former Yugoslav republic of Macedonia,2011,73.45373511904762
The former Yugoslav republic of Macedonia,2010,74.17913194444444
Togo,2015,61.243750000000006
Togo,2014,61.442708333333336
Togo,2013,60.60208333333333
Togo,2012,60.809375
Togo,2011,60.505208333333336
Togo,2010,58.89791666666667
United Republic of Tanzania,2015,57.78645833333333
United Republic of Tanzania,2014,58.57395833333334
United Republic of Tanzania,2013,57.15270833333334
United Republic of Tanzania,2012,55.209375
United Republic of Tanzania,2011,55.153125
United Republic of Tanzania,2010,56.655833333333334
